name,job_title,work_location,phone_number,salary
Allison Hill,Chief Information Security Officer,New Carolyn,321.581.9600,270017
Michelle Miles,IT Director,West Melanieview,(337)894-0265x42351,172411
Monica Herrera,Chief Information Officer,Ramirezstad,(518)349-5931x0341,245340
Henry Santiago,Chief Information Officer,Port Antonio,001-719-228-3276x483,267614
Derek Clark,Database Administrator,Hurstfurt,001-553-676-7242,72752
Zachary Taylor,Software Engineer,Lake Nicoleview,610.212.2691x6697,89303
Gina Carter,Software Engineer,Kathrynside,(570)448-2814,109341
Tammy Sellers,Chief Information Officer,Port Amandaberg,+1-357-901-5430x391,298890
John Pierce,NetWork Engineer,East Caleb,989-363-8346x578,104752
Julian Chapman,UX Designer,Lewisberg,5106310518,93292
Sonya Johnston,Database Administrator,Lake Deniseville,876.931.1656,75705
Nicholas Mcbride,EDP,Port Sandra,633-938-7262,83630
Scott Pierce,Cloud Engineer,East Nicholasfurt,5808132677,119269
Richard Gibson,Chief Information Security Officer,New Christopherburgh,(987)423-4309x80500,195641
Barry Hensley,User Experience Designer,Lake Jennifer,(719)639-9091x6998,83980
James Powers,IT Technician,Nicolebury,675-410-7991x1838,66240
Christopher Bass,IT Project Manager,Cassandramouth,001-449-680-8412x411,98078
Mark Baker,Cloud Engineer,North Sierraberg,840.216.4005x2427,91780
Sandra Aguilar,Vice President of Information Technology,Kimberlychester,(562)304-5053,199852
Nicole Frost,NetWork Engineer,South Monicafort,622.460.2563,68589
Robert Stevens,Database Administrator,West Gregoryview,733-203-6541x4586,70052
Kyle Reed,Database Administrator,Jonesmouth,569-781-6934x06088,85379
Mary Martinez,Cybersecurity Analyst,West Justinchester,684-865-6482x3662,79252
Lisa Morris,IT Project Manager,Port James,573.687.2148x951,92037
David Alvarez,Software Engineer,Williamsbury,001-517-469-3676x32016,98821
Barbara Anderson,Chief Information Security Officer,Karenview,988.995.7986x872,197756
Kelly Sims,Data Scientist,Lake Jason,571-843-4558x122,102423
Gary Owens,NetWork Engineer,Karenchester,2367690967,63093
Morgan Marsh,Data Scientist,Calhounside,873.446.7065,117254
James Elliott,AI/ML Engineer,Murphyfurt,7165272046,108239
Trevor Fisher,IT Technician,Port Andrew,270-580-5310,56581
Cameron Caldwell,Cloud Engineer,New Anthonyport,001-437-645-2991,118528
Susan Brooks,IT Project Manager,New Deborahtown,001-831-793-1491x905,98254
Samantha Garcia,IT Director,Port Sarah,(672)762-8498x776,192990
Jerry Christensen,IT Director,Matthewview,001-596-750-7527,179948
Kellie Lee,Database Administrator,South Heather,367.683.7770,72400
Kevin Kennedy,Vice President of Information Technology,East Joanna,356.485.5744x43135,164596
Kevin Wolf,IT Project Manager,New Kellyberg,+1-641-234-3524x082,117518
Nicole Garcia,Human Resources,Port Cameronfort,6949777520,65363
Mark Brown,AI/ML Engineer,Kerrport,(594)813-1869,111337
Wanda Torres,Vice President of Information Technology,South Shannonfort,+1-309-413-3412x328,177010
David Mann,IT Project Manager,North Gabrielport,001-671-434-9361x832,98011
Samantha Morse,User Experience Designer,Cassandratown,217.846.4887x719,86155
Vernon Huff,Project Manager,New Ryan,001-990-649-0278,93498
Tracy Harrison,NetWork Engineer,Darrellfurt,(755)612-5674x68071,84967
Samantha Smith,User Experience Designer,West Andrea,+1-976-203-8597,79939
Jessica Wolfe,Software Engineer,Port Robin,809-332-4808,109316
Bruce Collier,IT Director,Kendrachester,448.346.7737x8263,181847
Richard Adams,EDP,Andreaside,9447997278,86276
Timothy Kane,Chief Information Officer,New Tammy,001-939-263-6057x662,239223
Brian Kirk,Database Administrator,Santosmouth,687-702-6217,72849
Shannon James,Software Engineer,North Markton,478-609-1343x16117,104508
James Thomas,Chief Information Officer,Stevetown,569.922.2196x93792,280877
Julie Roberts,Chief Technology Officer,South Melissa,+1-921-675-9464,210407
James Howard,Cloud Engineer,New John,740-564-0909x7439,116419
Patricia Becker,Software Developer,Julieburgh,(310)647-0952,101882
Richard Walter,Project Manager,Coffeyside,(488)542-4745x171,100695
Richard Smith,EDP,New Nicoleside,+1-517-954-9651,82603
Leonard Holland,IT Project Manager,Watsonside,+1-474-861-2004x7113,111819
Patrick Moore,UX Designer,South Joshuaville,(717)796-4053x77351,74563
Samantha Davis,AI/ML Engineer,Port Molly,390.505.3293,124841
Charles Lester,Database Administrator,Kristybury,4422284210,71371
Alexis Baker,User Experience Designer,New Bradley,(368)911-7758,75814
Sharon Boyd,Cloud Engineer,West Claudia,400.376.6177x115,99168
Michelle James,Human Resources,Morganmouth,+1-984-578-9611x836,61485
Nicholas Edwards,Vice President of Information Technology,South Michaelchester,245-727-1111x61528,204326
Michelle Schmitt,Project Manager,Audreychester,+1-745-319-8327x315,92454
Vanessa Cardenas,IT Technician,Jonestown,+1-480-494-0244x550,61442
Joseph Bennett,Chief Information Security Officer,Scottchester,252.354.5991x022,244268
Mr. Donald Fischer,Database Administrator,Joyceton,256-514-9784,72704
Eric Clark,User Experience Designer,New Angelica,(444)851-0762,88605
Heather Sanders,Chief Technology Officer,West Georgemouth,001-306-807-1596x9664,238836
Tamara Davis,Vice President of Information Technology,Kimberlyland,736-596-8164,162588
Ashley Hicks,Human Resources,Maldonadoshire,001-955-923-1243x29212,107693
Victoria Morris,Chief Information Security Officer,Hayeston,+1-352-671-7744x9058,260547
Dustin Newman,Project Manager,Cassidyhaven,999-586-7980,94711
Antonio Garcia,IT Director,Schroederton,618-820-3778x89255,162362
Maria Jones,Cybersecurity Analyst,Tammyfurt,486-744-9251,72484
Michael Miller,Database Administrator,Henryborough,+1-265-728-1685,71834
Ralph Lee,Database Administrator,Mooreburgh,(721)441-8880,83537
Patricia Lamb,User Experience Designer,West Tammy,(970)565-3794,82456
Stephanie Lee,Software Developer,Angelaville,+1-297-974-6886x23924,50801
Kelli Martinez,Vice President of Information Technology,South Brianhaven,924-778-2613,221935
James Miller,Chief Technology Officer,Westtown,905.415.2204,227708
Alicia Lewis,Chief Technology Officer,South Danielle,(389)286-1434,258043
Amy Copeland,NetWork Engineer,Lake Elizabeth,598.808.9324x6095,96096
Heather Ashley,Software Engineer,West Kristinastad,+1-788-680-6706,80267
Matthew Garcia,AI/ML Engineer,North Jennifer,001-952-405-8527,120338
Amanda Harris,Database Administrator,Michaelton,205.548.6874,78079
Evelyn Martinez,AI/ML Engineer,South Carrieburgh,(366)876-5277x584,123989
Erica Miller,UX Designer,Lake Danastad,+1-644-279-6275x70596,64510
Nicole Moore,IT Project Manager,New Ericmouth,7298702135,106680
Jacqueline Hines,AI/ML Engineer,Holmesside,001-228-456-5431,118907
Reginald Padilla,IT Technician,Port Evelynmouth,494.973.1217,54942
Michelle Pierce,Chief Information Security Officer,Laraside,742-725-8313x2370,214861
Stephen Jones,User Experience Designer,Port Tammy,(778)466-9125x1778,72238
Thomas Brown,AI/ML Engineer,Jamesside,682-342-2535,116765
Mario Mendez,Vice President of Information Technology,North Brandonshire,782-299-2299,195634
Daniel Armstrong,Project Manager,Perrymouth,+1-207-484-4736x471,109930
Lawrence Edwards,AI/ML Engineer,Wrightville,001-355-662-5881x537,111464
Tony Lin,Cybersecurity Analyst,Wagnerbury,(232)359-5327x87747,92296
Harry Williams,Data Scientist,New Annastad,297.848.0162x4565,118401
Angel Gordon,Chief Technology Officer,North Benjaminmouth,001-584-899-1216x55852,264709
Kelly Hernandez,IT Director,Cabrerastad,925.695.2694x95888,178290
Brian Butler,Cloud Engineer,North Ashley,809-474-9930x9728,100281
Cheryl Alexander,IT Director,Suemouth,(926)836-8970x28385,154871
Gloria Gomez,AI/ML Engineer,Annview,001-749-973-3484x34437,120851
Kenneth Daniels,Human Resources,North Christina,(652)640-4157x4733,65532
Dana Santiago,Cybersecurity Analyst,Port Tamara,933.901.6571x20826,90951
Matthew Velez,Cybersecurity Analyst,Lake Suzanne,893-980-2620,78176
Sherri Smith,Chief Information Security Officer,Jamesville,001-491-954-7887,273498
Nicholas Wong,IT Project Manager,Caldwellburgh,001-720-354-9329x668,114072
Mrs. Taylor Smith,AI/ML Engineer,Erikhaven,(337)945-4990x4530,107682
Stacy Carrillo,AI/ML Engineer,Toddborough,001-714-859-3327x279,126327
Melanie Larson,Database Administrator,West Melissa,587-485-1910,84870
Michael Love,User Experience Designer,South Jonathantown,918.670.7286x7908,78603
Laura Williams,NetWork Engineer,Kanefurt,(718)801-7046x226,77975
Michael Stanley,User Experience Designer,West Stevenside,+1-525-212-8682,82094
James Hall,Data Scientist,South Carlaton,352.343.1069x033,102965
Andrew Gonzales,UX Designer,Nancyhaven,+1-730-528-4395,60749
Eric Brown,UX Designer,Hernandezfurt,001-726-887-0568,93542
Joshua Allen,Human Resources,West James,442.870.8668,111219
Tammy Boone,Chief Information Security Officer,South Jason,383-504-6990,232647
Elizabeth Stout,Software Engineer,Owensstad,731.673.9363,98492
Ian Andrade,EDP,Phillipsborough,217.653.5560x932,84623
James Whitaker,Cybersecurity Analyst,Port Melanieton,485.247.7725x2287,93636
Jennifer Kirby,Chief Technology Officer,North Amandachester,912.903.8750,193662
Joseph Hill,Chief Information Security Officer,Lauraland,608-762-1182x3398,208497
Jared Cunningham,Human Resources,South Meganmouth,001-234-410-1666x870,114268
Shannon Davis,Cloud Engineer,New Douglas,703.239.7401x48902,108349
Samantha Hickman,UX Designer,Hallland,229-339-6856x2185,91141
Randy Friedman,Database Administrator,Laurenland,(850)347-7358x6629,80931
Christian Dawson,Chief Information Security Officer,South Shane,+1-426-355-1104x7541,255666
Jennifer Johnson,Chief Technology Officer,Jacksonview,(581)499-5604x661,257056
Johnny Brown,IT Technician,Adamfurt,(346)447-1543x79937,63154
Manuel Brock,Database Administrator,Faulknerbury,775-669-2459x37526,71665
Douglas Hartman,IT Project Manager,Chambersberg,(619)339-8280x737,116008
Dana Hopkins,User Experience Designer,North Kaylastad,001-266-717-9796x886,70481
Lonnie Hart,Chief Technology Officer,Petershire,+1-565-961-0143x8889,191599
Brittany Cuevas,EDP,Davismouth,914.761.1254x5738,88696
Eric Patrick,NetWork Engineer,Mullenbury,405-712-3828,62121
Lori Lopez,IT Technician,West Mark,+1-366-309-3796x60334,62465
Dennis Huffman,IT Technician,Davidport,359.469.6915x57924,66478
James Thomas,Project Manager,East Leonard,(969)629-6627x8282,79650
Anthony Howard,Project Manager,Burnsland,9728368876,76534
Rebecca Walker,Database Administrator,Kimberlystad,3433842797,70946
Nicole Wolf,Chief Information Security Officer,East Lisa,983.361.3407x451,220919
Heather Page,Human Resources,Keithview,+1-462-792-3309x5849,107232
Kayla Mccullough,Software Developer,Burnsshire,726-504-2232,144542
Lori Brooks,User Experience Designer,Reidstad,216-384-5775,74244
Rebecca Sanders,Software Developer,Smithburgh,(237)345-4589x29750,86398
Aaron Rubio,Project Manager,South Conniebury,724.424.1541,88993
Brandon Davis,User Experience Designer,Port Robertberg,271.729.3870,82958
Darryl Davis,IT Director,South Michael,315-254-2622,162245
Paul Gillespie,EDP,Deannabury,+1-473-511-2196x565,88503
Lindsay Lawson,Chief Information Officer,Littleland,001-304-538-9836x40376,239362
Vanessa Hatfield,UX Designer,North Stacyfurt,626-596-5827x10910,58136
Lori Mason,IT Director,Willisland,(466)718-8924x14183,163903
Jeffrey Ashley,User Experience Designer,North Alexander,203.616.1799,88365
Adam Crawford,Human Resources,Jennifershire,(688)342-5241x056,108984
Kathleen Dixon,Human Resources,North Micheletown,3795252419,77466
John Reyes,Chief Technology Officer,New Nathanhaven,(720)686-3536,275372
Amy Walker,EDP,South Micheal,606.617.4451x87053,79933
Yolanda Parsons,Database Administrator,East Alyssabury,001-883-620-6038x5050,73557
Tyrone Kaufman,AI/ML Engineer,Lake Lori,(341)303-8657,105145
Keith Graham,Chief Information Officer,East Derekshire,(634)545-6557,248850
Brian Cole,Chief Information Security Officer,Eddiebury,261-585-3747x41124,195907
Jennifer Williams,IT Technician,Port Kimberlybury,342-206-7883x1712,51295
Rodney Watson,IT Project Manager,Williamsshire,+1-319-294-1013x7215,106926
Nathaniel Crawford,Cybersecurity Analyst,Jenkinsside,(562)653-2447x2099,76770
Brandon Reyes,NetWork Engineer,Hectormouth,(738)838-0657x87598,92504
Alyssa Cochran,IT Director,Kellyburgh,207-585-9321x334,180068
Kevin Drake,UX Designer,Johnsonton,001-659-405-9929x378,92575
Daniel Fox,Cloud Engineer,Port Daniel,2594325250,99569
Holly Jones,IT Project Manager,Lake Brianna,001-469-715-4522x675,93600
Eric Barker,Project Manager,South Donaldland,(720)596-9029,97347
William Jackson,IT Technician,North Paulchester,657-304-3315,58756
Stacey Snyder,Project Manager,Stephanieland,(258)761-7932x7104,81640
Stephen Martin,Human Resources,North Craig,481-859-9706,70520
Colton Terry,Software Engineer,South Christopherfort,001-284-744-3106x9872,111713
Alexander Jackson,Cybersecurity Analyst,Jacobton,717-814-6774x1862,98841
John Perez,UX Designer,Sheppardfort,290-821-1586x938,61607
Cynthia Evans,Cybersecurity Analyst,South Christianchester,(508)498-9921x7223,86704
Rodney Hernandez,Chief Information Security Officer,Rodriguezberg,+1-945-211-6868x548,272099
Kevin Chang,NetWork Engineer,Johnsonview,819-914-8564,104854
Luke Becker,User Experience Designer,Port Jeremyport,(606)953-0745x0544,86844
Jessica Petersen,NetWork Engineer,Jennafurt,469-313-7367x850,91498
Samuel Suarez,Cybersecurity Analyst,Michealmouth,7235303070,71664
Madison Martinez,Software Engineer,Port Patricia,7357797279,95050
Melissa Mitchell,NetWork Engineer,New Lauren,(902)493-3334x6800,63251
Lee Hahn,Software Engineer,New Yvonnestad,001-846-365-7437x489,91407
Linda Campbell,EDP,Erintown,+1-217-815-4544x43283,86488
Yolanda Green,User Experience Designer,Connorberg,(466)409-9353x87584,70361
Molly Hansen,Chief Information Security Officer,Stevenville,(751)635-3465,271366
Sean Silva,IT Director,Robertshire,+1-417-538-1684x602,157093
Victoria Thomas,AI/ML Engineer,Gloverland,001-421-475-2500x743,123755
Jeffrey Jordan,IT Director,Larryville,(576)500-8350x58300,165623
Kevin Jackson,Cybersecurity Analyst,Howardborough,4447789856,81446
Terry Burnett,Human Resources,South Nancyview,3337230982,60974
Lisa Wheeler,Vice President of Information Technology,East Heather,6109016761,221535
Elizabeth Stanley,Cloud Engineer,Port Jose,+1-984-599-2618x91411,99056
Christina Warner,Cloud Engineer,Port Williamville,920-487-3753x0011,109673
Maria Bryant,IT Director,Lake Deborah,247-201-2045x5611,175303
Steven Friedman,IT Technician,East Heatherton,815-452-1667x467,66791
Dr. Ashley Pruitt,Vice President of Information Technology,North Josemouth,897.929.6590x2771,222383
Sean Warren,Software Developer,North Dawnburgh,001-899-435-8891x6375,79695
Julie Simpson,Cybersecurity Analyst,Montoyaland,(517)853-5408,87885
Robert West,IT Director,Lake Emily,375.617.0166x0880,145393
Heidi Brown,Chief Information Security Officer,North Matthew,375.389.9757,217363
Tracey Carter,IT Technician,Summersborough,851.502.7261x49331,69472
Ashley Perry,Data Scientist,Lake Beth,+1-891-977-9827x0808,87803
Betty Hughes,NetWork Engineer,South Carrie,+1-995-486-6934x654,91396
Kayla Cameron,Chief Information Security Officer,Jenniferstad,+1-458-433-3945,210932
Lauren Bender,User Experience Designer,Karenburgh,001-268-546-0810x620,73877
Miss Brianna Brown,Cybersecurity Analyst,Hughesmouth,638-205-7198x3863,86177
Amy Manning,IT Director,Thompsonland,597.635.9893,151291
Christopher Palmer,Chief Information Security Officer,West Candice,(406)248-4229x4057,198196
Lori Cameron,IT Technician,Davisbury,479-885-1583x2818,53872
Mary Rivera,IT Technician,Patrickville,539-287-8015x7399,63510
Joshua Campbell,AI/ML Engineer,Lake Crystal,258.387.7043x58112,120317
Michael Houston,Chief Information Security Officer,East Lauraside,386.312.0750,211614
Roberto Bartlett,Chief Information Security Officer,Sarahville,(267)366-5061x80919,197401
Michael Obrien,Cybersecurity Analyst,Susantown,476-660-7283x2684,79229
Kristen Martinez,EDP,Whiteheadhaven,7995688143,82125
Clinton Jensen,Data Scientist,Lake Beverly,631-329-0878x141,112506
Heather Lambert,Software Developer,New Ashley,714.691.3577,71613
Tina Jackson,User Experience Designer,Port Juanberg,333-464-5257x77547,83669
Christina Gross,IT Project Manager,West Philip,+1-611-908-0996x9308,118910
Leah Vincent,EDP,South Erik,(578)481-6580,81735
Krystal Brennan,Software Engineer,Lake Jamiestad,(775)503-7314,86764
Thomas Keith,Chief Information Officer,Diazland,4518844989,276636
Jamie Solomon,Cloud Engineer,East Eric,665.557.7908x27231,104482
Ruth Guerrero,IT Director,New Dylanburgh,(451)477-7392x60302,186248
Christopher Mullen,Project Manager,New Donna,+1-890-441-3797x723,84509
Nathaniel Cooper,Vice President of Information Technology,East Thomaston,899.413.6621x038,173270
Kim Goodwin,Chief Information Security Officer,Perezfort,772-298-0686,272842
Jane Chapman,IT Technician,Lake Juliatown,001-691-562-4731x4986,68618
Autumn Smith,Chief Information Officer,Fischerchester,+1-735-665-1269x4486,252396
Kristin White,Database Administrator,Loganburgh,+1-387-544-9562,79233
Jordan Hartman,Software Developer,West Jeffreyland,+1-890-326-0127,92260
Misty Arias,Chief Technology Officer,New Gavin,(598)249-0277x0384,251131
David Smith,IT Project Manager,New Justinside,(214)365-6693,96110
Hannah Richmond,IT Project Manager,Matthewville,339-337-6904x268,108480
Tina Walter,Project Manager,Wilsonland,001-947-269-7357,104764
Richard Robinson,Project Manager,New Sarahfort,001-835-765-8804x341,104432
Daniel Berry,Chief Information Security Officer,Ericville,(537)533-3433,268002
Blake Sosa,Vice President of Information Technology,Walkershire,490.680.7595x7947,208692
Joseph Henderson,Cybersecurity Analyst,North Emilyfurt,+1-908-756-2718,92928
Erika Salazar,Cloud Engineer,Haynesstad,828-543-4795x527,112638
James Hayes,IT Project Manager,Port Susan,001-829-531-4386,111056
Robert Thompson,IT Director,Port Jonathan,428.285.7448x9061,189196
Anne Garner,Software Developer,Michaelhaven,555-488-4506x159,58692
Dr. Steve James,UX Designer,Deniseview,572-725-6996x1125,87709
Jennifer Barron,EDP,North Calebfort,001-459-887-6220x23413,82281
Allison Sanders,Cybersecurity Analyst,North Elizabethmouth,001-411-449-2164x33472,84197
Julie Pitts,Chief Information Officer,Fernandezland,687-728-2997x968,227107
Jacob Green,NetWork Engineer,Carlatown,200-882-5478x0774,73601
Chelsea Khan,IT Director,Lopezland,(663)626-6341x63894,185592
Dylan Walsh,Project Manager,Josephmouth,+1-474-397-3502x080,89536
Crystal Hernandez,Cybersecurity Analyst,New Theodoreborough,635.864.7570x5120,87067
Danielle James,User Experience Designer,Priceport,3135673037,80831
Caitlin Chandler,Software Engineer,East Laurashire,001-888-714-7435x0313,80783
Richard Smith,Software Developer,Sarahton,9973925132,50100
Matthew Miles,Project Manager,Jenniferview,227-835-8573,62581
Karina Kim,NetWork Engineer,South Kenneth,487-339-2855x7498,88959
Jacob Smith,Chief Information Security Officer,New Justin,+1-586-920-9593x5186,258915
Frank Davis,IT Project Manager,West Jeffreyland,+1-910-622-0317x31096,107642
Thomas Rios,Software Developer,Port Kevinborough,670-258-6509,144348
Anne Hardy,Software Developer,Emilychester,+1-863-338-3928,76333
Carol White,Chief Information Security Officer,New Amy,(885)728-9755x8556,221410
Joshua Garner,Software Developer,East Melissa,(277)660-0490x824,104995
Rodney Norris,AI/ML Engineer,Pamelabury,488-689-9210x752,118489
Robert Davis,Vice President of Information Technology,Port Matthewchester,(893)315-7279x1940,213737
Sean Kane,IT Director,East Brent,490.760.4805,149768
Jenna Griffin,Chief Information Officer,Bakerfurt,+1-998-213-6462x251,253877
Patricia Anderson,User Experience Designer,West Kimberlymouth,(578)537-6938,84474
Laura Rodriguez,Chief Technology Officer,Port Jesusstad,(465)953-5590x42597,260016
Nicholas Miller,Vice President of Information Technology,East Amy,001-703-592-4051x4770,203267
Kimberly Dean,Vice President of Information Technology,Briantown,(606)598-0420,163404
Matthew Alvarado,IT Project Manager,New Tammy,+1-351-404-6368x15798,112537
Michelle Williams,Human Resources,Zamoratown,245.676.2055x54384,104297
Tiffany Perez,IT Project Manager,East Denise,762-916-8936x39264,103670
Melinda Harris,Software Engineer,West Mary,(348)326-2925,87353
Allen Flores,Vice President of Information Technology,Lake Anthony,(564)574-2312x20994,197644
Richard Anderson,NetWork Engineer,Stephaniebury,+1-875-226-7722x330,66712
Virginia Todd,Cybersecurity Analyst,Cortezfurt,827-297-5736,92647
Natalie Wheeler,Database Administrator,Scottport,208.517.7038x86086,71296
Donna Jackson,EDP,Morristown,490-882-7718x1298,77713
Kevin Marquez,Vice President of Information Technology,New Jasminehaven,971.745.2111,175513
Caitlin Pierce,Chief Information Security Officer,Jessicamouth,8256922220,242319
Christopher Roach,Cloud Engineer,East Brianna,209.940.7778,104180
Jason Miller,Vice President of Information Technology,Port Antonio,+1-703-284-9830x220,187925
Lindsey Rivera,Vice President of Information Technology,Sarahland,401-962-2499,180807
Erica Merritt,Data Scientist,Lake Jason,768-814-7214,114986
Kenneth Krause,Cloud Engineer,Mortonbury,917.994.6954x89952,115167
Veronica Smith,Human Resources,Lake Jamesport,7715396605,70197
Barry Evans,Cybersecurity Analyst,West Martha,+1-250-415-5699,86665
Karen Wells,IT Director,Angelatown,2276278576,192256
Michael Marsh,UX Designer,Janetmouth,(412)340-5682x996,75985
Denise Miller,Software Developer,North Scott,757.243.8421,130433
John Porter,EDP,South Paulhaven,457.584.5218,87542
Eric Williams,Cybersecurity Analyst,West Joshua,+1-715-570-1840x943,87779
Jeremy Wilson,Cybersecurity Analyst,Josephport,(524)710-9881,87433
Carolyn Collins,Cloud Engineer,Larryborough,487-902-0701x60166,107968
Megan Ferguson,Project Manager,Whitemouth,001-679-721-7174x77332,68401
Sonya Chavez,IT Project Manager,South Lisaville,7174157724,104372
Matthew Sparks,Cloud Engineer,Jonesborough,+1-476-996-3938,101834
Leslie Mueller,Software Developer,West Stephanie,(395)983-2197x19975,66558
Brian Cervantes,IT Project Manager,Gonzalezmouth,001-665-870-1329x02278,91717
Robert Frazier,Chief Technology Officer,Port Juliantown,(251)790-9862x40580,204304
Michael Long,Data Scientist,Whitneyberg,866-466-8327x23865,107210
Benjamin Smith,User Experience Designer,Kellyburgh,001-876-921-2679x6927,74535
Adam Jimenez,Chief Information Security Officer,East Jessicahaven,001-338-946-8950x0975,216517
Dr. Peggy Marshall,User Experience Designer,Amandatown,689-213-7189,81372
Jose Harrison,EDP,Lake Veronicatown,001-956-454-4209x4940,83266
Bradley Wagner,EDP,Lindseyview,442-994-4401x929,81102
Cynthia White,Vice President of Information Technology,Karlaville,705.212.9276x63723,208884
John Alvarez,Database Administrator,North Samanthastad,883.766.7428x6047,77777
Jessica Hull,Database Administrator,Amytown,754-441-4967x393,76184
Alexandra Davis,Vice President of Information Technology,New Danielle,375-234-4300,213501
Barbara Gates,Software Engineer,Kaylamouth,(369)921-2447,85944
Richard Ramirez,EDP,New Philip,3669504427,83821
Ashley Fernandez,Data Scientist,North Elizabethview,(939)417-4101x19470,83658
Gary Myers,AI/ML Engineer,Martinezside,2878766183,125438
Heather Maldonado,Human Resources,Heatherville,(801)558-5174x3280,100689
Heather Miller,IT Director,Levytown,+1-673-920-3093x7618,148645
Anthony French,UX Designer,Lake Donaldtown,5613387829,89670
Thomas Williams,Project Manager,Larsonbury,001-320-320-4179x291,83674
Dale Rogers,Database Administrator,Donaldchester,001-365-319-8253x0925,82402
Jacob Martin,Software Engineer,North Harryland,990.321.9620,77080
Linda Campbell,User Experience Designer,Salazarland,001-272-432-4876x329,88390
Rachel Bailey,User Experience Designer,West Brian,5839318195,72550
Chase Anthony,User Experience Designer,Lake Brianside,972.220.0543x6459,87172
Richard Washington,User Experience Designer,West Jeremybury,713-579-9563,72672
Sheila Bennett,Software Developer,Brooksmouth,917.497.0623,145562
Lynn Cantrell,IT Director,Jacksonmouth,952.909.0421,178917
Edward Moore,Cybersecurity Analyst,Lake Ronniebury,+1-992-698-3168x7397,77618
Jeffrey Walker,User Experience Designer,Mendozaville,001-229-806-0078,77854
David Hansen,Chief Technology Officer,Lake Stephen,9636254310,203800
Lauren Bray,EDP,Helenside,626.825.7016x580,88013
Christine Cohen,Vice President of Information Technology,Lake Angelica,+1-750-785-0165x790,222645
Michael Harris,Chief Information Security Officer,Michaelfort,238-317-9335x54864,236460
Sandra Harrison,Database Administrator,Hurstport,+1-384-379-5137,72693
Angela Martin,EDP,Roberttown,427-923-8046,81632
Arthur Wiggins,NetWork Engineer,Ashleyport,985.969.5579,66094
David Washington,Software Engineer,North Blake,402-454-7292x8422,82900
Cameron Green,Chief Information Officer,North Richardfort,(438)605-5257,289144
Theresa Reilly,User Experience Designer,Hannahfort,(408)985-4749,82432
Brenda Pierce,Chief Technology Officer,North Christopher,506-693-7515x0939,252834
Megan Rosario,Software Developer,West Michaelport,863.775.9980x56265,113836
Shelly Miller,EDP,Mcneilhaven,001-576-674-2662x9912,87798
Mrs. Toni Avila,Chief Information Security Officer,Port Patrick,406-546-2879,245379
Amanda Mckenzie,Cloud Engineer,Martinezport,001-647-687-3002,100986
John Watts,Human Resources,Courtneyfort,901.847.1959,84405
Sabrina Brooks,Chief Technology Officer,Robertstad,001-290-642-9025x7252,272946
Eddie Fowler,Human Resources,Ginastad,783-621-9285,110390
Kevin Morrow,NetWork Engineer,New Jeffrey,3285457652,96231
Steven Austin,Database Administrator,Geraldport,488.916.7112x07545,76855
Robert Walker,Cloud Engineer,East Danielhaven,001-923-842-3216x110,100429
Julie Kerr,Software Engineer,Anthonyberg,5144011939,103890
Teresa Rush,NetWork Engineer,Georgeside,(552)589-3891x190,78817
Nicholas Glass,UX Designer,Davidville,875.392.7125x66383,77430
Kathleen Ward,AI/ML Engineer,Tracichester,580-815-7164x7947,120571
Benjamin Randall,AI/ML Engineer,North Michael,852.307.1678x1126,110311
Curtis Anthony,Data Scientist,Dylanmouth,(813)967-4994x6579,114545
David Crawford,EDP,Lake Karenfort,+1-620-310-1702x6952,89966
Christina Bates,Cybersecurity Analyst,Stevenston,784.885.8800x6167,90262
Matthew Chan,NetWork Engineer,New Brian,001-927-962-4671x978,87363
Kevin Gray,Software Developer,Reedstad,+1-854-350-0902x55905,116779
Anthony Sanchez,UX Designer,South Dianechester,249.711.4152,56813
Stephanie Adams,Vice President of Information Technology,Tylermouth,001-379-505-6965x917,220021
Elijah Montes,AI/ML Engineer,Lake Meganville,871.583.4404,107499
Denise Knight,Project Manager,Powersside,876.635.1484x68536,99248
Albert Warner,Project Manager,Stevenbury,(297)537-4896,99891
Michael Evans,Vice President of Information Technology,North John,(365)413-6442x49363,181143
Julie Castro,Data Scientist,West Carolynland,(260)232-4204x48207,124962
Jennifer Cox,Data Scientist,Port Lindsaymouth,+1-316-523-1981x89847,109410
Nancy Shaffer,IT Project Manager,Hollyville,001-236-932-1234x7649,94725
Jeff Vega,Vice President of Information Technology,Rebeccaville,825-675-4090x034,201263
Cynthia Ramos,AI/ML Engineer,Mccormickview,9647413432,109373
Samantha Shepard,IT Director,Port Brettburgh,765.961.2481x5698,142720
Rachel Taylor,NetWork Engineer,Russoberg,(734)959-1123x8296,89372
Michael Serrano,Cybersecurity Analyst,Gonzalezburgh,531-365-2669x3008,99124
Luke Burke,Cybersecurity Analyst,East Jenniferborough,(915)929-1086,86138
Robin Adams,Data Scientist,Theresabury,001-476-226-3934x3626,121621
Susan Wood,UX Designer,West Sarahfort,+1-371-207-2563x66941,64688
Yesenia Crosby,Vice President of Information Technology,Geoffreyfort,+1-200-448-9646x528,221551
Sherry Anderson,Vice President of Information Technology,Ryanburgh,686-624-1502x74564,222889
Zachary Gallagher,Chief Technology Officer,Frankmouth,(287)903-2032,231664
Zachary Ho,Chief Technology Officer,East Mirandaburgh,3757877712,247603
Nicole Carson,Data Scientist,Rhodesmouth,001-393-590-8926,81336
Michael Becker,Data Scientist,Lake Cindymouth,(259)715-2017x7749,117297
Nicholas Navarro,Software Engineer,Scottbury,001-823-304-5018,73307
Sharon Davis,User Experience Designer,West Elizabeth,826.664.2147,75192
Kayla Burns,Cybersecurity Analyst,Teresabury,(374)299-6165x9266,72931
Michelle Arias,AI/ML Engineer,New Charleston,881.647.6174x22438,119479
Kayla Gutierrez,Software Developer,North Robertport,494.854.9180x172,86912
Nathaniel Todd,IT Project Manager,Wilsonburgh,294.252.3219x416,101081
Julia Sullivan,User Experience Designer,Port Anthony,+1-397-249-9564x12203,77104
Mr. David Wilkinson,Human Resources,Lake Jacqueline,+1-331-447-2760,73758
Kaitlyn Heath,Vice President of Information Technology,Allisonshire,001-333-849-6050,180178
Kristen Roberts,IT Director,Patriciachester,767.389.9730x8069,149786
Audrey Dean,Chief Information Officer,Andersonport,+1-557-760-2437x5738,241462
Jeanette Butler,Human Resources,Hahnfort,+1-957-329-3417x22329,81366
Daniel Williams,EDP,New Jeremyside,7548522801,75888
David Peterson,IT Director,New Danielville,(308)342-8910x771,162835
Susan Moore,AI/ML Engineer,Petersonhaven,278-571-2552x1376,100845
Derek Espinoza,Cybersecurity Analyst,Port Alejandro,(253)928-6326x66785,98142
Terri Miller,Chief Information Officer,Alanview,662-760-6029x08466,258103
Lisa Thomas,Human Resources,New Victoria,(773)889-9756x3410,84587
Brandon Arnold,IT Director,Davidville,752.600.8943x46810,178696
Kenneth Smith,AI/ML Engineer,Zacharyborough,539-398-9354x49268,102334
Heather Garcia,Human Resources,Wigginsshire,001-766-811-0627x371,66455
Mr. Jeremiah Galvan MD,NetWork Engineer,Sandraville,(222)482-7728x81377,62999
Jennifer Martinez,NetWork Engineer,Johnsonberg,001-640-682-1545,110429
Kevin Williams,Vice President of Information Technology,Kimberlyfort,643-927-0185x1067,219122
Sandra Anderson,Chief Information Officer,South Matthew,(887)877-2519,294338
Michael Ramos,Software Engineer,Shawtown,212-509-4818x139,101621
Timothy White,Software Engineer,South Michelletown,7438397189,81049
Christopher Johnson,Human Resources,Gregoryton,456.641.1182x42241,120393
Erika Johnson,UX Designer,East Johnshire,8463152654,64454
Jordan Gordon,Human Resources,North Joseph,240-857-8617,95503
Megan Sanchez,Human Resources,Port John,+1-424-796-7183,53906
Tonya Peters,Chief Information Officer,Kiddborough,6076942007,252247
Katrina Williams,Cybersecurity Analyst,Tiffanymouth,001-789-714-1612x8463,70654
Matthew Morris,Chief Information Officer,South Angela,279.250.2097,236930
Katherine Long,IT Technician,Port Katrina,718-807-1569,53264
Alejandra Ford,Chief Technology Officer,South Tammy,670.530.4531,197838
Johnathan Padilla,EDP,New Davidland,+1-530-436-1498x728,77883
Timothy Foley,Software Developer,Lake Aprilfort,843.608.9487x06056,65718
Peter Stephenson,User Experience Designer,New Lindseybury,504.768.7506,70451
Jessica Jones,AI/ML Engineer,Marybury,832.254.1107,100033
David Peterson,EDP,North Sabrinafurt,9583319971,88327
Ryan Brown,Chief Information Officer,Melissafurt,(207)204-9611,272197
Paul Hall,Chief Technology Officer,North Curtis,+1-990-776-7699x150,272506
Andrea Clarke,EDP,East Laura,992.484.5679,75660
Eric Graham,EDP,East Williamside,+1-254-498-2274x9545,82477
Jennifer Gonzalez,AI/ML Engineer,Murphyville,731.653.7795,106911
Richard Williams,Human Resources,South Jack,703.837.9337,56634
Heidi Jones MD,NetWork Engineer,Grantview,524-573-9500,77274
Gina Spencer,Chief Information Officer,West Stephen,(330)724-1026,294298
Jaime Jackson,Vice President of Information Technology,Port Christinaborough,896.511.2233x86559,172373
Elizabeth Hernandez,IT Project Manager,New Paul,904.328.9731,104032
Nicole Brooks,IT Technician,South Michelle,572.555.8777x49690,68353
Eric Oneal,Software Engineer,New Blake,001-925-748-1214,105130
Gabrielle Hayes,AI/ML Engineer,Port Joshuabury,(365)675-4602x73415,110259
Benjamin Johnson,Chief Technology Officer,Port Kevinstad,453.654.4439,246224
Jennifer Sullivan,Human Resources,Sharpmouth,001-907-582-6333,84716
Brady Singleton,EDP,South Ronald,(763)777-8052x92407,84680
Pamela Vaughn,IT Project Manager,South Bryce,859-809-0225x9999,99708
John Murphy,Chief Information Security Officer,Campbellbury,541.321.8209x702,271344
Joseph Gibson,Vice President of Information Technology,Friedmanborough,(980)325-6621x286,209690
Daniel Reynolds,Chief Information Officer,Brownfurt,001-272-499-4938x743,232174
Danielle Murphy,Database Administrator,Austinburgh,001-777-679-0147,81226
Christopher Williamson,EDP,Riddleside,(576)929-1603x24841,79093
Jacob Campos,IT Technician,South Benjamin,756.872.4380x70176,64602
Michael Taylor,IT Technician,West David,+1-277-371-1837x27422,67149
Caroline Powers,IT Director,Port Cynthiahaven,5429752308,187143
Michelle Prince,AI/ML Engineer,Johnsontown,(347)209-0063x3533,125259
Corey Caldwell,NetWork Engineer,New Randall,712.520.6815,113409
David Rodriguez,Chief Information Security Officer,South Kevin,220-365-0637x31495,196171
Victoria Garcia,UX Designer,Tiffanyfort,+1-792-441-9562,89370
Alan Barr,NetWork Engineer,New Christopher,568.838.9030x914,103884
Jonathan Harris,IT Director,Port Jessica,(630)239-7524x5086,146573
Daniel Brown,AI/ML Engineer,East Christopher,+1-233-496-8527x01713,111256
Sandra Frederick,User Experience Designer,West Justin,881.467.4233,89899
Mark Nelson,User Experience Designer,Simmonsland,915.266.2776x8962,79342
Tammy Larson,Software Developer,West Derrickfort,(882)946-7474,75114
Thomas Smith,User Experience Designer,East Kathryn,357.866.6567x49160,82468
Patricia Walton,IT Director,Catherineberg,(287)450-6633x705,170373
Lance Lynn,AI/ML Engineer,Port Ronald,(501)816-6918,118056
Kathryn Ferguson,Software Engineer,Smithland,(294)461-1952x4364,83678
Jennifer Butler,Software Engineer,North Karen,562-425-2237x2817,119731
Cheryl Bird,Project Manager,Chambersville,(579)912-1416x14150,85783
Derek Moses,Software Developer,Evelynmouth,+1-890-713-8069x84775,160255
Dr. Teresa Ortega MD,Human Resources,West Shannon,3556107620,66144
Sheila Robertson,Cloud Engineer,Crosbyfort,+1-330-750-5057x39769,103753
Dr. Susan Navarro,IT Technician,Friedmanfort,993-428-9802x7148,53489
Cynthia Lewis,Database Administrator,Monicashire,001-911-360-2564x34712,89556
Lindsay Schneider,Database Administrator,Davidmouth,(568)363-3414x1115,81694
Laura Smith,NetWork Engineer,Smithmouth,5983366552,88043
Robert Phillips,Chief Information Officer,West Wendyshire,777.629.4209,254869
Ronald Simpson,Chief Information Officer,Rogersfort,001-460-252-3302x764,235933
Norma Myers DDS,Chief Information Security Officer,Carterberg,443-986-1259x0472,218061
Robert Gonzalez,Cybersecurity Analyst,New Debrashire,+1-405-291-2662x0157,71229
Charles Sharp,Human Resources,Hancockfurt,801.336.7492,84776
Matthew Richardson,AI/ML Engineer,Port Brittanyfurt,911-617-8309,110764
Mr. Jeffrey Duncan,Software Developer,Port Karenville,951-382-6068,131759
Kyle White,IT Director,North Tinahaven,+1-375-610-2932,138597
Vincent Jackson,Human Resources,Lake Loribury,+1-703-540-8487x29758,65865
Charles Chase,Project Manager,Jorgeburgh,829.383.9542,91071
Bradley King,Software Developer,Johnsonbury,(728)831-4359x89262,129661
Caleb Rodriguez,NetWork Engineer,North Nicholasbury,+1-561-651-5542,74025
Brian Frost,Database Administrator,North Georgefurt,(684)697-1859,71685
Robert Byrd,UX Designer,South Ashley,+1-489-467-9240,58238
Thomas Fowler,Software Developer,Cynthialand,(839)567-2757x844,94246
Jennifer Edwards,IT Technician,South Ericaberg,611-931-2901,69701
Jose Cuevas,EDP,New Shaneburgh,+1-716-509-3068,85157
Sierra Mills,Chief Information Officer,West Tara,921.852.8506,276454
Michael Decker,Cloud Engineer,Browntown,001-214-947-4430x96348,104243
Erin Gomez,UX Designer,South David,5523650167,72972
Mr. Matthew Perez,Chief Information Officer,West Nicoleborough,(754)856-2841x7722,243092
Dustin Anderson,IT Project Manager,North Susan,(850)823-7416x78725,93739
Beth Cooper,Software Developer,Millerchester,6306569067,153057
Christian Dixon,AI/ML Engineer,East David,441.543.6371,115612
Donald Lee,Cloud Engineer,West Ronald,(660)593-1066,103961
Jeffery Williams,NetWork Engineer,North Donnamouth,445-245-6350,84920
John Kerr,Chief Information Officer,West Michael,362-247-5541,290035
Natalie Chapman,IT Project Manager,Lake Sean,+1-253-543-9611x291,107092
Tom Montgomery,AI/ML Engineer,South Carloschester,773-982-0236x8485,105777
Tiffany Gibbs,Chief Information Security Officer,East Samuelhaven,(894)924-0903,275356
Richard Morales,Software Developer,West Jeanette,632-602-9390x878,153121
Carolyn Williams,IT Technician,Lake Michaelstad,540.324.2403,62992
Travis Henson,IT Project Manager,Lake Juliefurt,626-294-5005x342,101682
Dawn Sims,IT Technician,Eddiefort,+1-583-873-5439x627,66708
Christopher Lopez,IT Director,North Douglas,(439)872-4042,159215
Jesse Brewer,Chief Technology Officer,West Douglastown,(418)520-9166x0100,255581
Alexandra Conner,Database Administrator,Mooreton,+1-651-732-7972,79534
Debra Stephens,Chief Information Officer,East Ronaldberg,2015841862,272656
Dustin Dorsey,Data Scientist,New Edwardchester,+1-761-372-1314x51951,117178
Linda Shelton,Vice President of Information Technology,Port Sarahberg,(649)345-1475,213781
Bridget Hernandez,NetWork Engineer,Troyfort,871.719.6421x522,67117
Jennifer Leon,Vice President of Information Technology,Lake Christopher,323-866-8788x78836,175218
Dalton Jefferson,Software Engineer,Port Jeffrey,(887)521-0552x472,88727
Autumn Dominguez,Software Developer,East Michaelland,(960)465-0191,124309
Adam Guerra,IT Project Manager,New Karenhaven,(422)272-8476x57041,118152
James Henderson,Chief Technology Officer,South Christine,884.498.4362x418,205633
Clinton Reese,IT Director,Leeville,+1-291-777-5662,156697
Jack Maxwell,Cloud Engineer,West Christopher,503-242-8113x90438,96224
Amanda Downs,Software Developer,Lake Emily,800.751.4054x6835,91725
Steven Gordon,Data Scientist,Port Jennifer,520.596.7904x22711,127781
Kathryn Gay DDS,Human Resources,Davistown,357.425.4596x06339,58347
Seth Payne,Software Developer,Christopherburgh,671-775-2421,136168
Julia Andersen,IT Project Manager,Williammouth,472-919-7054x669,105346
Michael Hunter,Project Manager,South Morgan,809-303-8021x462,90609
Hannah Mcdonald,Chief Technology Officer,West Matthewfort,+1-871-712-1663,203768
Patrick Wilson,Chief Information Security Officer,Irwinborough,208.727.2359x096,215693
Sean Cisneros,Chief Information Security Officer,Port Brian,+1-564-642-1214x61476,229464
Jessica Richmond,Cloud Engineer,Lake Elizabethberg,223-556-7782x6596,111072
William Mcmillan,Chief Information Officer,Fowlershire,001-950-427-2751x6480,224739
Daniel Werner,Project Manager,Lake Victormouth,(682)696-3533x90550,69694
Guy Clayton,Project Manager,Waltersville,(885)612-7652x89286,72213
Renee Garcia DDS,User Experience Designer,Port Shawn,+1-861-579-8178x904,70172
Craig Harrison,IT Technician,Kylechester,657-666-0538,67838
April Stout,UX Designer,New Teresa,4008258955,84463
Matthew Poole,Chief Information Security Officer,Lake Lauriehaven,001-862-562-6582,213587
Kenneth Myers,EDP,Lake Jessicamouth,001-348-825-3110x60920,89751
Paula Lopez,UX Designer,Hoville,+1-334-338-3640x4120,84257
Douglas Kline,Chief Technology Officer,Chungland,817-353-6170,268260
Jason Preston,Project Manager,New Judy,+1-972-224-0299x0155,73311
Cheryl Johnson,Chief Information Security Officer,North Jessica,7884235130,261363
Debra Olson,AI/ML Engineer,East Gloria,558-647-7686,107778
Diana Long,Chief Technology Officer,New Patrickborough,001-694-723-7676,231176
Jacqueline Chen,Cybersecurity Analyst,North Hectormouth,772-808-4964,72899
Cody Sanchez,Chief Technology Officer,Bradleymouth,755.525.1050,194173
Kristina Cruz,Database Administrator,East Brandon,+1-738-731-8491x966,81120
Anthony Hill Jr.,IT Technician,Davidfurt,229.959.6390x409,56342
Joseph Rose,Cybersecurity Analyst,Evansmouth,901-271-6445x56185,71094
Martin Lozano PhD,Chief Technology Officer,Lisaside,+1-310-530-0215x632,258575
Taylor Parrish MD,UX Designer,New Steven,6104414596,67183
Scott Mullins,Cybersecurity Analyst,West Angelicabury,(671)688-3977x45731,94376
Nancy Harris,Software Developer,West Jasonshire,517-903-0376,111889
Kayla Edwards,Vice President of Information Technology,West Rodneyport,872-581-2356x7983,216660
Laura Garcia,Project Manager,New Christopherchester,711.630.7240x787,61632
James Jordan,Vice President of Information Technology,Rodriguezton,607-945-1066x34362,192773
Tina Robinson,EDP,Longbury,5098431814,83859
Sherry Adams,IT Project Manager,Melissabury,423.954.9401,106531
Michael Jackson,User Experience Designer,South Morganfort,772-907-6502x41209,71740
Robert Bradley,Software Engineer,Michaeltown,638-982-2114x5775,111153
Elizabeth Cook,Human Resources,Jamieland,597.814.8026x32570,124270
Troy Fowler,EDP,New Abigailmouth,687-582-4556x964,84680
Barbara Pope,Chief Information Security Officer,Tommyland,001-654-410-7272,260431
Alexis Williams,Project Manager,North Jennifer,791-607-4065x0042,91708
Nicholas Reynolds,UX Designer,Samanthaport,843-307-5366,92668
Jeffrey Liu,User Experience Designer,Ashleymouth,001-623-342-6834,72211
Jamie Liu,Chief Technology Officer,Port Robertberg,(912)287-5857x56766,254064
Elizabeth Sanchez,AI/ML Engineer,North Josephville,952.298.9406x26078,102637
Brent Roberts,User Experience Designer,Courtneytown,550.419.8038x2872,88784
Loretta Gonzalez,IT Director,Port Williamfurt,302-991-8133,172480
Bryan Sullivan,Vice President of Information Technology,East Lori,(438)249-7916,164790
Carolyn Harmon,IT Director,Cruzville,+1-737-674-4197,150963
Robert Hernandez,Project Manager,Hillburgh,471-996-0940x9705,93787
Scott Gordon,Vice President of Information Technology,Jonesfort,(686)681-2259x572,200255
John Hopkins,Database Administrator,North Melissaburgh,001-888-342-5995,70948
Maurice Porter,Software Developer,Hinestown,+1-275-333-1266x10941,152307
Erica Hale,Chief Information Security Officer,New Andrewville,(829)583-3477x4332,239916
Robert Barry,Data Scientist,Christineside,(969)781-5287x339,98460
Rebecca Gonzales,AI/ML Engineer,Port Shelia,+1-761-291-2841x1730,122619
Danielle Warner,AI/ML Engineer,New Heidiville,624-818-9389,125094
Taylor Mercer,AI/ML Engineer,Jonesshire,+1-200-556-4350x2385,127118
Michele Cannon,Chief Information Officer,North Austinhaven,4516699187,232353
Gregory Woods,Database Administrator,Cannonberg,900.203.8960,74072
Jeffery Taylor,IT Technician,Burgessside,219.555.3560x331,65454
Wendy Smith,Cloud Engineer,New Raymond,001-530-610-2724x0559,116047
Mary Jones,Chief Information Officer,Luisside,+1-637-553-7458,260761
Amy Mccullough,Project Manager,North Tiffany,001-397-741-3283x483,87171
Marie Chavez,Chief Technology Officer,Melissafurt,307-204-4964,192188
Scott Cruz Jr.,IT Director,Sandraview,762.268.0408,188364
Leslie Todd,NetWork Engineer,Mcdonaldbury,696-460-1864x87699,58474
Adrian Marsh,AI/ML Engineer,North Kurtmouth,613-684-5960x945,119683
Sarah Wallace,Human Resources,West Pennyside,8702705783,82024
Austin White,Chief Technology Officer,New Jenniferton,001-944-772-3229x03102,264855
Wendy Hester,Database Administrator,East Jamesshire,9583093511,77184
Rodney Perry,Vice President of Information Technology,Bradleyberg,+1-264-420-5955x6574,188426
Allison Lynch,Data Scientist,New Thomashaven,888-395-3690x26113,129034
Emily Lee,Database Administrator,Oconnorchester,001-343-553-5375,79228
Harold Wagner,EDP,Matthewville,(479)637-6392x836,82717
Jason Lucero,Chief Information Officer,East Mollychester,001-673-927-0216,278269
Christopher Jones,Vice President of Information Technology,Lake Samanthamouth,386.265.2683x41559,186939
Lynn Yang,NetWork Engineer,Thompsonshire,(847)722-9812x09957,94564
Raymond Hall,IT Project Manager,Port Sierraborough,450.498.8986x4565,110105
Donald Hobbs,EDP,Donaldborough,315-542-1447x73244,80113
Katie Jackson,Cybersecurity Analyst,Port Shawn,+1-808-983-0705x349,97997
Michelle Calhoun,Chief Information Security Officer,Lake Charles,776-374-1241,251498
George Chavez,Database Administrator,Wigginsbury,001-581-450-6185x3800,86802
Deborah Hernandez,Cybersecurity Analyst,Grantborough,(874)323-1830,84713
Amanda Watts,IT Technician,Amyport,+1-969-835-7824x347,54089
Brian Ibarra,Vice President of Information Technology,Burkebury,001-446-975-3612x75156,200706
Derek Lewis,Chief Information Officer,Daisyton,(908)554-5667x66404,276590
Jason Armstrong,Cybersecurity Analyst,Davismouth,(283)219-9529,79835
Pamela Tran,Data Scientist,Lewisbury,+1-708-735-8328x6342,104849
Amanda Smith,UX Designer,Andersonview,318.867.0244x03304,59980
Angela Wagner,Vice President of Information Technology,Hunttown,001-660-708-9219x639,195602
Jimmy Garcia,IT Project Manager,South Jessicastad,+1-597-864-6136x8474,118382
Michelle Chavez,Software Engineer,Port Crystal,001-606-737-5791,72479
Justin Clark,User Experience Designer,Joyberg,693.812.6978x9307,72656
Michael George,Vice President of Information Technology,Robertsonland,7439878753,163409
Jessica Jones,Data Scientist,Jacksonhaven,(202)881-2371,84610
Dr. Joshua Ross,IT Project Manager,Thomasborough,516-744-8595x9224,117428
Tammy Cortez,NetWork Engineer,West Jacquelineborough,(928)370-5622,86151
Kimberly Rivera,Chief Technology Officer,West Justin,7972921583,251485
Jessica Daniel,Chief Information Officer,Anneberg,(696)448-8319x213,278708
Laurie Miranda,Chief Information Security Officer,South Nancy,499-494-9732x03319,227638
Steven Williams,Cybersecurity Analyst,Alyssaborough,776.675.4813x86667,80644
Theresa Bass,IT Project Manager,Townsendstad,001-226-787-7418x652,96205
Cindy Castro,Chief Technology Officer,Markstad,565.220.3758,239692
Kathryn Smith,IT Director,South Karen,904-976-0440x907,181032
Kimberly Garcia,UX Designer,Tonyaborough,(709)322-2161x070,94163
Nancy Cook,Chief Information Officer,South Bradley,+1-652-395-8066x01382,243414
Melissa Ortiz,IT Director,East Jessicaburgh,+1-304-348-5157x9197,160358
Mark Smith,Chief Information Officer,South Janiceburgh,(403)657-1343,238009
Karl Gutierrez,Software Engineer,Michaelhaven,943.724.4741,111664
Mark Decker,Cybersecurity Analyst,Hollyhaven,6965289365,90144
Natalie Adams,Cloud Engineer,Barrettton,734.737.4018x27279,102009
Brian Howard,Chief Technology Officer,Paynetown,6264755125,199139
Luis Watkins,UX Designer,South Ronaldview,001-266-573-4595x764,58243
Jennifer Johnson,Database Administrator,Martintown,724.998.3922x50142,85807
Christina Jackson,IT Technician,South Andreafurt,412-733-6132x8507,55434
Susan Barnett,Chief Information Security Officer,Tracyshire,831.362.5265x469,218571
Stephen Thompson,Data Scientist,South Jacob,355.558.0996,129543
Jeffrey Morgan,Chief Information Officer,Drakestad,+1-826-324-4670x4622,232209
Ashley Huffman,Data Scientist,Wiseport,9258298670,124346
Patrick Wilson,Software Developer,West Stacyshire,385.475.8512x686,99914
Jose Mendez,Cloud Engineer,Rogersport,760.674.0177x509,99478
Allison Adams,AI/ML Engineer,North Amanda,856-507-5409x1508,102229
Charles Snyder,Database Administrator,South Williamland,257-493-8970x155,88041
Mark Turner,IT Project Manager,Ashleyborough,(502)241-6139x4498,112107
Jessica Burgess,Human Resources,Josephmouth,001-824-480-9624x40630,111346
Danny Fletcher,Chief Information Officer,Spearstown,719.849.7969,223622
Francisco Carson,Chief Technology Officer,Hoffmanstad,(277)338-2646,267238
Paul Moreno,NetWork Engineer,Port Teresaside,845-877-0299x2959,66699
Wanda Brooks,Database Administrator,Port Erik,+1-326-691-1633,86248
Morgan Morales,Software Developer,Shermanport,(553)869-4551x58886,83320
Joanna Bradshaw,IT Technician,Jenkinstown,(864)808-5721,69651
Brenda Harvey,User Experience Designer,Andrewfurt,999-360-5932,76591
Sharon Jefferson,IT Project Manager,East Beckymouth,(675)332-7352,116827
Larry Fritz,User Experience Designer,Lake Ericahaven,(378)219-5237,85426
Shannon Jones MD,Software Engineer,Pattersonville,781-898-0770x460,104435
Ryan Chang,Chief Information Officer,West Dawnland,001-512-656-5237,279483
Michael Goodwin,Chief Technology Officer,West Anna,001-645-247-5749x49022,231243
Elizabeth Baldwin,IT Project Manager,Danatown,001-647-874-2229,115527
Lauren Hernandez,Chief Technology Officer,Alexandrafurt,7454886792,190486
Karina Jackson,IT Technician,Victorshire,372.576.0153x43324,66502
Susan Larsen,Database Administrator,Knightbury,333.250.6158x14888,78920
Robert White,Software Engineer,East Jeremyshire,+1-433-672-0948x4131,87814
Karen Garcia,Project Manager,New Tony,5513371717,80289
Lauren Callahan,IT Technician,West William,673-999-7046,55329
Tiffany Evans,Data Scientist,West Patriciahaven,+1-435-948-8471,97478
Christopher Jones,Cloud Engineer,Lake Kevinborough,(741)975-8231x33484,90955
Brittney Moore,IT Director,Dustinmouth,001-962-629-2587x96434,168063
Sandra Stewart,Cybersecurity Analyst,Lake Jennifer,269-566-0606x5274,93951
James Morris,IT Project Manager,Davidshire,(458)783-3987x4113,116395
Wesley Williams,Cloud Engineer,Danielberg,+1-767-934-9960x10548,97390
Angela Rowland,IT Director,East Kelseyland,001-662-629-4938x1735,168862
Melissa Stevenson,Software Developer,North Dawn,(673)225-7375x534,82775
Robert Yates,IT Director,New Christopherside,708.350.9608x58749,169274
Kim Lindsey,Chief Technology Officer,Charlesshire,997-493-1647,263022
Joseph Schwartz,Cloud Engineer,Amandaborough,(606)594-0960x03562,92625
Laura Gomez,Database Administrator,Stephaniemouth,001-292-432-3421x089,84592
Tanya Barrett,Chief Information Officer,Port Stacytown,442.964.3350,302112
Patrick Singh,AI/ML Engineer,North Shelia,(307)476-3369x1128,101062
Heather Cowan,EDP,West Michaelport,(833)818-5748x17006,80735
Jessica Abbott,Vice President of Information Technology,East Heather,231-467-0450x2329,178836
Amy Lang,IT Project Manager,South Jamesfurt,001-345-496-2622x8225,92645
Susan Baker,IT Project Manager,North Michaelbury,400-450-7026x08698,102780
William Rodriguez,Vice President of Information Technology,South Trevorshire,776.787.2904x7742,182650
Daniel Anderson,NetWork Engineer,Lake Donna,(531)616-4913,68456
William Barnett,Project Manager,Lake Austin,489.242.5652x90603,69988
Candice Morris,Vice President of Information Technology,Wilsonview,001-977-653-9673,188971
Kayla Rogers,IT Technician,Ronaldtown,(645)378-7158,50889
Beth Perez,NetWork Engineer,East Mary,411.884.2547x681,78193
Alan Quinn,Chief Information Security Officer,North Erin,(489)729-8808x583,251862
Shannon Perez,AI/ML Engineer,Lake Sharon,001-928-796-3406x46867,100946
David Peters,User Experience Designer,Vargasbury,439-891-0622x7236,73686
Andrea Richmond,Vice President of Information Technology,Port Courtneyfort,326-619-2372x450,191615
Jeffrey Short,Project Manager,Simmonsburgh,+1-697-321-5406,82411
Melissa Bauer,Chief Information Officer,Rebeccahaven,001-343-681-1995x37660,279547
Michael King,Cloud Engineer,Obrienfurt,(310)917-3973x964,101109
Brian Massey,Chief Technology Officer,South Lisachester,+1-919-911-3599x6605,217235
Allison Bradley,Cybersecurity Analyst,West Sean,7517460745,89999
Jimmy Ritter,User Experience Designer,Mariaville,723-588-5652x715,89036
Ann Sullivan,UX Designer,North Jamesport,+1-472-763-4755x752,68205
Melody Castro,Data Scientist,Andersonfurt,001-788-726-9131x19642,104999
Tyler Olsen,Chief Information Officer,East Nancy,999-515-3703x8240,273753
Robert Thomas,Software Engineer,Jasminestad,830-897-7688x9362,117085
Deborah Wood,Chief Information Security Officer,Nicholsville,458.351.2538,201687
Lindsey Cortez,IT Director,North Ann,001-883-374-9079x779,142120
Amy Bailey,Software Developer,Lake Shannon,001-421-851-4940x976,85891
Megan Rivera,AI/ML Engineer,Port Tiffanyland,001-286-728-9509,123889
Monica Oconnor,Vice President of Information Technology,Ballardfurt,392.820.7151,177538
Brenda Cooper,AI/ML Engineer,East Michael,645-826-4712,105903
Angela Hayes,Cloud Engineer,New Alexandermouth,384-409-0805,106320
Alexander Stein,Cybersecurity Analyst,Port Feliciaberg,001-551-723-9728,92160
Laura Vance,Human Resources,New April,001-328-727-0908x144,73870
Kathleen Munoz,Chief Technology Officer,Lopezfurt,+1-457-586-7181x535,197247
Anthony Haas,AI/ML Engineer,Derekborough,591.681.5899x8868,120830
Mark Powell,Chief Technology Officer,East Staceyport,(617)207-1587x9647,249700
Nicole Duncan,User Experience Designer,Rodgershaven,(750)280-0463,76101
Katie Maldonado,Vice President of Information Technology,North Sandraborough,9315723513,191718
Audrey Roberts,Human Resources,Nicolechester,452.563.5602,117701
Michelle Barrera,User Experience Designer,Lake Katieberg,234-860-6664x3749,83856
Courtney Walsh,IT Technician,Justinshire,827-612-8524,67525
Philip Foster,Chief Information Security Officer,East Benjaminfurt,918.373.2807,208626
Phillip Drake,UX Designer,Bradleytown,569.557.2790,64881
Gloria Clements,Human Resources,Lake James,(357)530-6624,76585
Jessica Savage,AI/ML Engineer,Lake Cameronhaven,739-284-8228,126152
Lisa Jackson,EDP,North Deborahfort,550-221-3060x90691,85428
Maria Campbell,Human Resources,West Dana,+1-767-537-9457x727,129279
Walter Kidd,Human Resources,Port Courtney,(550)864-2076,72580
Jared Stephenson,Human Resources,New James,577.567.5556x283,113186
Mary Montgomery,Software Engineer,East Jeffside,686.854.3627x187,85361
Mary Giles,Chief Information Security Officer,Taylorberg,(427)803-6924x92693,225179
Katelyn Bishop,Human Resources,West Mary,001-598-401-1100x05155,124882
Terry Silva,Database Administrator,New Andrea,375.824.4182x226,70745
William Vaughn,Software Engineer,Port Andrew,812.971.0267,81667
Sabrina Galvan,Cloud Engineer,East Dennisport,001-392-770-7955,97204
Sydney Rodriguez,Vice President of Information Technology,Tinatown,+1-635-541-5970x99625,183928
Taylor Williams II,Software Developer,Oscarfort,247-265-0471x5802,60508
Andrew Powers,Cybersecurity Analyst,Josephmouth,001-565-958-6652x548,94580
Angela Wade,Vice President of Information Technology,Lake Alexandermouth,381-302-1312x51293,167859
Lisa Moore,IT Director,East Brendan,+1-275-819-1023x1211,161102
Frank Moreno,Software Engineer,West Douglas,337.492.7490x7280,71936
Valerie Graves,Chief Technology Officer,Kingstad,001-613-525-3269x496,256148
Kerry Pena,AI/ML Engineer,Briannastad,+1-244-321-0175x09617,112954
Lisa Chung,User Experience Designer,East Brenda,001-945-775-7574,88232
Harry Marshall,Cybersecurity Analyst,South Michael,756.877.7226x602,90628
Robert Whitehead,IT Project Manager,North Tyler,(692)731-0672,93610
Ronald Nash,Cloud Engineer,Janiceport,333-379-7662x705,95313
Joseph Snyder,Human Resources,New Julian,867.304.2549,71823
Renee Shields,Cloud Engineer,Angelashire,(797)910-7563x353,95593
Melissa Winters,IT Technician,Christopherfort,893-499-3379x70581,52964
Steven Valentine,EDP,Malloryfort,001-241-776-3425x0733,75853
Rachel Frye,Chief Technology Officer,Hendersontown,659.583.3991x4038,194221
Dan Phillips,UX Designer,Danielview,4619572768,58579
Craig Obrien,Chief Information Officer,Lake Ryanmouth,729-825-0105x8752,256996
Gabriel Huff,User Experience Designer,East Edwardhaven,9453990802,88838
Miguel Davis,NetWork Engineer,New Mackenzie,(855)816-5176x808,73503
Joan Wilson,User Experience Designer,New Luis,533-408-0037x003,82131
Mark Foster,IT Director,Jacquelineshire,947.206.8103x90339,191427
Katrina Calderon,Database Administrator,Jamesview,(532)680-9448x5862,78751
Matthew Hayes,Software Developer,Michaelton,698.563.2106x133,113498
Crystal Zamora,Software Engineer,Guzmanburgh,738-904-0325x376,78160
Karen Carlson,Software Developer,North Michealborough,+1-831-491-0090x04047,163817
Natalie Watson,User Experience Designer,North Daniel,260-940-1424x731,70209
Jordan Tanner,Chief Information Officer,South Ryanmouth,001-884-240-9712x316,252128
William Ray,Project Manager,Patrickton,5145473404,98991
Sara Graham,IT Technician,Jessicaside,001-473-704-5195x778,57050
Nicholas Reed,IT Technician,Millerview,(896)757-5427,66201
Faith Howard,IT Director,Millerchester,478.520.5829x582,164584
Wanda Stephens,AI/ML Engineer,New Michael,819.804.8235x71558,108243
Paul Rodriguez,Chief Information Officer,Port Jamestown,+1-672-530-8172x1436,253991
Bryan Lopez,Chief Information Security Officer,Royshire,001-711-547-1656x09456,198531
Madison Watkins,User Experience Designer,South Benjaminfort,+1-770-975-5047x68169,85565
Angie King,IT Project Manager,Kylemouth,913-217-6539,111643
Jason Smith,Software Developer,West Brendahaven,(690)887-1827,100822
Steven Carter Jr.,Project Manager,West Ianmouth,495-861-2137x7306,104473
Lauren Snyder,AI/ML Engineer,Lake Aliciastad,001-771-812-2299x077,113163
Ashley Wells,EDP,North Fernandoshire,568-461-1145x768,80833
Craig Keller,Software Engineer,East Dylan,+1-358-247-1296,70614
Michael Smith,User Experience Designer,Samanthafort,6804184980,72976
Chelsea Wells,Project Manager,East Courtney,931.326.8812x2821,91275
Mario Pace,NetWork Engineer,Mendezhaven,560-460-5603x567,94936
Maria Campos,UX Designer,New Christopherberg,(239)884-7169,74162
Amanda Ramirez,Vice President of Information Technology,Christopherfort,475-948-9547x876,212649
Kim Jensen,AI/ML Engineer,West Teresa,744-544-9835,106168
George Lowe,IT Technician,Perkinsburgh,749-563-9243x588,64104
Nathan Carter,Project Manager,Medinaberg,939.652.7536,73540
Benjamin Martinez,AI/ML Engineer,Brentchester,(886)501-3477x8948,114410
Katherine Rodriguez,Software Engineer,Lake Gloriaborough,(665)412-2150x01418,116969
Matthew Brown,User Experience Designer,East Andrew,659-744-6333,82190
Pamela Jackson,Chief Information Security Officer,East Stephen,(538)890-2199x4711,237205
Christopher Robinson,IT Director,Port Christophermouth,503-546-9967,135616
Patrick Cruz,Software Engineer,Obrienstad,+1-960-884-3768x550,104668
Billy Hood,Software Developer,Lake Heidi,+1-962-263-3556x43436,153791
Robert Price,NetWork Engineer,Rhondaview,(556)607-6761x645,56802
Christopher Nash,UX Designer,New Sarahmouth,+1-289-683-0650x3121,83664
Charles Graham,Chief Information Officer,Amychester,(236)442-8131,239560
Cynthia Morton,EDP,East Amanda,991.711.4281,83216
Richard Nguyen,IT Project Manager,Mooreberg,(448)208-8062,108016
Lee Richardson,Chief Information Officer,Stevenfort,473-272-1329x016,232621
Jennifer Weaver,Software Engineer,East Charlesstad,(987)485-9964x8628,71297
Ashley Strong,IT Technician,Sancheztown,(464)650-5730x3627,65763
Stephanie King,UX Designer,Stevenfurt,(777)253-7260x3214,64406
Shelby Miller,Data Scientist,East Julieside,458-287-0715x5348,96730
Alexander Robinson,Project Manager,Hamiltonhaven,350.976.5975x95450,101154
Richard Chandler,Software Developer,New Patrickfurt,001-481-526-5742,79634
Andrew Smith,Chief Technology Officer,North Frankton,(636)593-6268,226963
John Jones,User Experience Designer,Lake Evelyn,727.711.7595x749,73655
Kelly Ramirez,Software Engineer,Danielberg,+1-233-606-7458x476,115153
Sarah Robinson,User Experience Designer,Christopherburgh,872.718.8566,77534
Tiffany Bates,EDP,Reillyfurt,001-550-966-6267x05514,77879
Jennifer Atkinson,IT Technician,New Roy,339-225-2959x6111,61050
Taylor Leon,EDP,West Mark,001-320-207-2024x559,76879
Kevin Mcneil,EDP,North Steven,+1-303-626-7149x498,84174
Brooke Parsons,Chief Technology Officer,Butlerbury,617.693.4065x27758,239872
Sarah Wade,Vice President of Information Technology,South Davidland,337.422.0109,214065
Gary Flores,User Experience Designer,Ericborough,976.261.8943,71822
Anthony Randall,Cybersecurity Analyst,West Robert,462-277-6572x565,78496
Dr. Charles Henson,Project Manager,Laurenstad,289.774.3260,91532
Brian Ingram,Chief Information Officer,Maynardshire,833.225.8486x89993,302165
Kimberly Campos,IT Director,Marybury,9455069176,190626
Eric Pearson,Software Engineer,Allentown,2395464083,96764
Tyler Lang,Database Administrator,South Ann,688-360-8490x793,87632
Joshua Gonzalez,Vice President of Information Technology,Lake Frank,+1-461-853-7012x42446,198948
Timothy Collins,NetWork Engineer,Port Shannonville,+1-681-412-1031,106609
Sandy Nichols,IT Director,East Dustinburgh,217.394.1515x26384,175809
Melissa Lee,IT Director,Grantmouth,001-350-556-6186x32397,153447
Marvin Gonzalez,Software Developer,West Michelleland,7078309505,110630
Brendan Meyer,NetWork Engineer,Benjaminville,001-619-827-7885x19053,60159
Eric Maynard,Project Manager,Parkerport,(746)324-5618,66490
Alexander Mitchell,NetWork Engineer,Lucasville,(312)689-9151,58636
Daniel Mcbride,Project Manager,South Karenton,604.648.8189,94990
Shawn Davis,Human Resources,New Sheila,340-621-1901x70756,90055
Danielle Cook,Software Engineer,Lake Alexandraview,(591)807-3228,113811
Monica Wilkinson,Chief Technology Officer,Josephville,883.806.3963x8452,237494
Dawn Jacobs,Data Scientist,Lake Billy,3165934292,80149
Dr. Monique Sutton MD,Cybersecurity Analyst,South Drew,341.790.3106,71017
Rachel Melton,EDP,Williamstown,966-684-7323x65337,88899
Christopher Harrington,Software Developer,South Kayla,6786436142,163821
Phillip Brown,NetWork Engineer,North Kimberly,554.937.3476x427,62216
Janice Downs,Data Scientist,Smithshire,+1-682-614-5841,90737
Ashley Roach,Software Engineer,Aaronborough,738-899-8278x020,95572
Nicholas Le,IT Project Manager,Brandonmouth,(544)593-6999x51679,97966
Peter Patel,Software Engineer,North Erinside,936.880.1192x3603,106401
Chad Rojas,Software Developer,North Matthew,651.904.0961,76129
Bryan Trujillo,Chief Information Security Officer,New Brandishire,+1-783-307-4820x736,272680
Jeffery Bailey,UX Designer,East Margaret,(578)220-1904x322,76047
Edward Brown,Project Manager,Smithstad,439.920.1354x621,92311
Christopher Cameron,EDP,Port Wendy,(711)923-1261x63248,89500
Latoya Mckay,User Experience Designer,Port Heatherton,(929)374-5493x03646,85257
Michael Herring,EDP,North William,587-469-2082,83722
Stacey Allen,Chief Information Security Officer,South Tracyborough,+1-415-488-1445,193336
Richard Hale,Cloud Engineer,Lake Joshua,782-997-1681,97891
Amanda Cannon,Software Developer,Lake Edwardstad,001-700-201-5291x13717,77412
Michael Norton,IT Project Manager,Port Kathryn,344.442.1829x98747,99877
Rachel Edwards,User Experience Designer,West Jenniferview,708.767.0090x0436,80088
Jennifer Hart,Software Developer,Port Barbara,762.648.3550,97388
Kristen Williams,Chief Technology Officer,North Josephton,406.433.6998x7950,199689
Sharon King,IT Director,South Josephberg,818.580.4428x77383,163306
Brenda Ross,User Experience Designer,West Susanview,+1-842-589-4642x03625,86459
Shane Short,Chief Information Security Officer,Port Rhonda,462-655-4026x3558,246333
Bradley Bennett,Chief Information Officer,Jessicaberg,(444)689-8803x15388,223264
Ronald Brown,Database Administrator,South Jessicaberg,001-650-740-4333x353,81466
Ann Dawson,AI/ML Engineer,South Dawn,987.518.0933x913,114030
Mrs. Jennifer Johnson MD,EDP,East Jasontown,898-275-6178,77181
Alyssa Rodriguez PhD,Chief Information Security Officer,Jessicaville,982-998-0365,273655
Susan Rangel,Chief Information Officer,New Kellybury,+1-336-659-5201x491,284897
John Massey,Software Developer,South Joshua,001-426-332-2399,115308
Billy Scott,NetWork Engineer,Wallschester,7425886050,79523
Richard Williams,IT Director,Port Monicatown,001-811-826-0030x835,167933
Michael Jones,EDP,Simsfort,001-831-323-4550x6882,86363
Justin Barrera,User Experience Designer,Kennethfort,+1-938-544-0134x808,82176
Susan Doyle,Cybersecurity Analyst,Port Keithshire,226.703.3591x01570,94056
Alan Cowan,Chief Technology Officer,Dustinstad,992-369-9969x964,272563
Mallory Carroll,Human Resources,North Jackson,(559)414-0849,79681
Sabrina Phillips,Chief Information Security Officer,Bowmanmouth,(966)498-0690,249261
Valerie Johnson,Human Resources,Port Loriport,523.448.3893x595,84849
Stephanie Choi,Database Administrator,Claytonside,+1-412-899-6508x26958,73016
James Russell,AI/ML Engineer,West Meganview,730-787-6123,118333
Chase Matthews,Cybersecurity Analyst,North Darrylfurt,001-848-840-0273x00869,80237
Angela Barnett,Data Scientist,South Rickyburgh,+1-350-701-6809x414,129787
Kelly Wiggins,Project Manager,North Jennifer,662.805.3440x777,94244
Charles Powell,Cloud Engineer,South Sharonside,(329)625-0817x76029,115754
Wesley Gonzalez,IT Technician,East Melissaburgh,331.925.5235x617,55166
Angela Martin,Software Developer,East Seth,(813)363-8527x7895,162175
Kimberly Parker,NetWork Engineer,Hillton,001-202-395-0264,89584
Daniel Wright,UX Designer,North Maryland,467-481-2778,60576
Stephanie Chapman,Human Resources,Hallchester,(713)948-6298,65786
Crystal Carson,Database Administrator,South Kristenshire,518.928.5605,79703
Mallory Powell,Data Scientist,Kathyfurt,477-206-7368,127088
Angela Pittman,Human Resources,Lake Josephshire,(735)952-1650,110580
Benjamin Curtis,Human Resources,South Cindy,(219)625-9679,112026
Rachel Parrish,Chief Technology Officer,West Nicole,(620)650-9386,218150
Nicolas Hunt,Data Scientist,Westfort,+1-411-545-7887x0715,105692
Randy Douglas,Software Developer,Weavershire,9979461917,99367
Katie Higgins,Cybersecurity Analyst,Schneiderbury,(725)289-3708,73273
Michael Ware,Software Developer,Josephburgh,+1-456-769-5790x01248,127675
Jennifer Watkins,NetWork Engineer,Port Shelia,625.894.2328,112594
Stephanie Armstrong,Cybersecurity Analyst,West Paul,756-924-1528,86768
Carolyn Shah,Software Developer,Michaelfort,335.889.5138,124658
Tina Herring,IT Project Manager,Courtneyville,+1-250-595-7443,111345
Stephanie Holloway,Chief Information Security Officer,Lauraland,717-597-2038,272272
Christine Parker,User Experience Designer,Port Ronald,947-315-5313x25936,79246
Amber Moyer,Database Administrator,New Jessicaberg,321-941-0527x698,77032
Adriana Ward,Vice President of Information Technology,West Michelleshire,888.885.6225,167730
Rebecca Cole,UX Designer,Kristinport,844.722.7585x485,81143
Carl Rubio,Chief Information Security Officer,Danielleshire,416-650-2000,218878
Crystal Mullen,Project Manager,Lake Cynthia,(915)251-3055,87105
Catherine Garcia,Chief Information Officer,Ballport,848-989-6699x7273,302745
Brittany Smith,Cloud Engineer,East Jamesberg,(482)554-3183x281,99616
Maria Sims,EDP,Andrewburgh,+1-510-960-1836x472,87860
Jennifer Mccarthy,Project Manager,West Douglasland,+1-872-425-7754x58472,60567
Patricia Santiago,Chief Information Officer,Mcdanielborough,468.331.6082x717,229479
Mitchell Robinson,Software Engineer,North Jessica,001-592-805-2229,117854
Mary Richards,Database Administrator,Josephville,+1-543-788-2325x5398,79336
Matthew Mclaughlin PhD,Project Manager,East Patriciashire,626.943.0954,66218
Cody Thompson,EDP,Zimmermanmouth,320-553-9787,85048
Trevor Bautista,Chief Information Officer,Obrienmouth,232.620.1256x08320,300094
Katie Carroll,Data Scientist,Joelfurt,(235)685-2386x003,113094
Robin Wyatt,Database Administrator,Lake Barbara,001-351-271-5239,87331
Monica Matthews,Chief Technology Officer,Millershire,(201)843-7483x093,262621
Mr. Brian Sanders DDS,Cloud Engineer,South Richardberg,001-321-332-1767x2019,97594
Amanda Williamson,IT Project Manager,Ashleychester,5722587339,109996
Daniel Smith,IT Project Manager,Port Angelafurt,(374)681-2421,113887
Brenda Rogers,Chief Information Security Officer,Virginiastad,2955229462,262809
Sara Jones,Human Resources,Jamesstad,001-303-499-5297x0137,115610
Kimberly Hughes,Chief Technology Officer,New Troy,001-423-904-1202x70615,215535
Kyle Brown,Chief Information Security Officer,Stephanieburgh,001-716-769-0632x2481,216537
Melinda May,IT Director,Richardsonport,840.930.1095,179165
Jacqueline Lawrence,AI/ML Engineer,New Brianville,001-255-346-2347x12476,112183
Kayla Williams,Software Developer,Blackside,9684317641,56958
Brent Acosta,Chief Information Officer,Garciaton,(271)829-0150x713,279941
Daryl Miller,AI/ML Engineer,North Andre,4453847436,116182
Gregory Villarreal,Chief Information Officer,Mooremouth,+1-557-566-9470x31805,249170
Sara Preston,IT Project Manager,Garciamouth,(821)859-1832x70004,114573
Allison Jones,Chief Technology Officer,New Kayla,207-697-7140,216750
Samantha Hart,Chief Technology Officer,Noblefurt,001-249-605-3152x049,216641
Kendra Vasquez,IT Director,Odonnellville,613.379.7166,142036
John Cisneros,IT Project Manager,Romanland,679.343.3256x2389,99262
Susan Martin,Project Manager,Codyside,(420)237-0878x21160,60903
Rebecca Young,Cybersecurity Analyst,New Sarahview,+1-699-289-8972x11708,86742
Charles Chang,Chief Information Officer,West Amberchester,458.283.9785x708,225382
John Davis,IT Project Manager,Craigshire,(336)491-4961,92939
Christopher Santiago,IT Technician,Lake David,+1-282-776-9704,66056
Ann Carpenter,EDP,Jenniferstad,656-507-8327,83002
Timothy Carpenter,Cybersecurity Analyst,Shawnport,+1-862-240-9649x66834,89953
Jeremy Hernandez,Cybersecurity Analyst,Patelhaven,516-622-5936x48820,76828
Andrew Graham,IT Technician,Charlesville,367-328-7991x609,61317
Nicole Hardy,Chief Information Security Officer,West Manuelhaven,(492)536-1337x605,255415
Gary Greer,Human Resources,Debraborough,3258447241,113405
Denise French,Software Engineer,Whitakerberg,(261)877-1824x98980,104701
Bobby Nelson,Chief Technology Officer,Collinshaven,513.859.2664x86989,231125
Erik Stafford,Database Administrator,Port Gracefort,455-494-5011,75656
Danielle Mcfarland DVM,AI/ML Engineer,Edwardschester,8515171603,116528
Maria Garcia,AI/ML Engineer,Lindsayport,001-245-259-0670,115768
Lauren White,Data Scientist,Port Krystalport,666-448-9667x6056,103600
Sean Burns,Chief Technology Officer,East Melody,258.809.7453x389,233530
Robert Liu,UX Designer,North Heatherchester,(726)554-0165,57710
Cody Thompson,Vice President of Information Technology,East Juanville,227-367-7462x5916,165657
Thomas Christian,AI/ML Engineer,Freyberg,888-960-0801x798,115610
Bob Lane,Chief Information Security Officer,East Allisonbury,(370)447-2642x612,194956
Stacey Peterson,IT Project Manager,Lake Angelabury,(659)468-0785x25482,116992
Sherry Cox,EDP,East Sarah,001-340-406-4454x75231,78673
Mrs. Kimberly Cannon,AI/ML Engineer,Cohenland,001-279-517-7633x4272,117548
Heather Smith,AI/ML Engineer,Lynchbury,+1-501-296-3045,101006
Joshua Gallegos,Chief Information Security Officer,Willieland,993-953-4001x816,250583
Haley Jackson,IT Technician,Bushside,945-544-6083x851,50349
Martin Curtis,UX Designer,West Victoriamouth,001-853-491-2878x8486,66073
Dr. Ryan Garcia,Chief Information Security Officer,Port Angela,624.463.0198x642,258187
Jerry Boyd,User Experience Designer,New Michelle,491.521.8706,73681
Michelle Hawkins,IT Technician,North Heatherfurt,422.210.1023,61311
James Williams,NetWork Engineer,West Patrick,3896876108,110852
Antonio Ramsey,IT Project Manager,East Leslie,+1-645-831-9807,106386
William Stewart,Chief Technology Officer,West Andrewton,+1-810-903-0762x05459,248685
William Barnett,NetWork Engineer,Mendezshire,(741)310-6541x13407,63085
Luke Williams,AI/ML Engineer,South Catherine,+1-805-883-6683x482,125451
Kelsey Fernandez,AI/ML Engineer,West Leahchester,+1-388-791-7879,112460
Jesse Jones,EDP,West Tiffanyside,460.893.2012x657,83737
Paige Baird,IT Director,Bryantland,001-352-917-5585,172565
Brenda Phillips,Software Engineer,Gregoryberg,+1-421-818-8241x996,103377
Karen Hunt,Human Resources,Toddton,770-645-4218,98299
Richard Martinez,Software Engineer,Lake Rachel,001-322-857-0900,90008
Trevor Stevens,IT Director,North Christopherhaven,724.672.8289,191361
Susan Black,Software Engineer,Jonesstad,(747)231-2616,89431
Margaret Mullins,Cloud Engineer,Jacobland,3113950927,91663
Amanda Cox,Software Developer,Scottland,209.223.0071x695,48801
Laura Collins,Chief Information Officer,Davidview,001-554-832-9876x989,252685
John Wilson,User Experience Designer,East Michaelside,001-619-782-7348x1310,75194
Jennifer Cohen,NetWork Engineer,Morenofurt,774-435-7483,64929
Veronica Graham,Vice President of Information Technology,Laurenfurt,001-667-439-8344x8838,177446
